category,channels,total_subscribers,catalog_url
"Авто, мото, техника",243,19991190,https://portal-tg.online/category/avto-moto-tekhnika
Бизнес и стартапы,268,23691112,https://portal-tg.online/category/biznes-i-startapy
Еда и напитки,285,19016888,https://portal-tg.online/category/eda-i-napitki
Здоровье и спорт,297,18841444,https://portal-tg.online/category/zdorove-i-sport
Игры и приложения,223,25692233,https://portal-tg.online/category/igry-i-prilozheniya
Инвестиции и финансы,254,34654546,https://portal-tg.online/category/investicii-i-finansy
Музыка,260,10574383,https://portal-tg.online/category/muzyka
Наука и образование,307,10606237,https://portal-tg.online/category/nauka-i-obrazovanie
Нейросети и AI,175,11642075,https://portal-tg.online/category/neyroseti-i-ai
Новости и СМИ,237,68905478,https://portal-tg.online/category/novosti-i-smi
Поиск работы,325,10394622,https://portal-tg.online/category/poisk-raboty
Программирование,231,4548182,https://portal-tg.online/category/programmirovanie
Психология,241,8636464,https://portal-tg.online/category/psikhologiya
Путешествия,380,21030985,https://portal-tg.online/category/puteshestviya
Развлечения и юмор,255,41858426,https://portal-tg.online/category/razvlecheniya-i-yumor
Рукоделие и хобби,204,6541448,https://portal-tg.online/category/rukodelie-i-khobbi
Технологии,195,46408213,https://portal-tg.online/category/tekhnologii
Фильмы и сериалы,240,15351210,https://portal-tg.online/category/filmy-i-serialy
"Фото, дизайн, искусство",291,9298870,https://portal-tg.online/category/foto-dizayn-iskusstvo
Фриланс,173,6124400,https://portal-tg.online/category/frilans
